freq,unit,sex,age,geo\TIME_PERIOD	1960 	1961 	1962 	1963 	1964 	1965 	1966 	1967 	1968 	1969 	1970 	1971 	1972 	1973 	1974 	1975 	1976 	1977 	1978 	1979 	1980 	1981 	1982 	1983 	1984 	1985 	1986 	1987 	1988 	1989 	1990 	1991 	1992 	1993 	1994 	1995 	1996 	1997 	1998 	1999 	2000 	2001 	2002 	2003 	2004 	2005 	2006 	2007 	2008 	2009 	2010 	2011 	2012 	2013 	2014 	2015 	2016 	2017 	2018 	2019 	2020 	2021 
A,NR,T,TOTAL,AD	: 	: 	: 	: 	: 	: 	: 	: 	: 	: 	: 	: 	: 	: 	: 	: 	: 	: 	: 	: 	: 	: 	: 	: 	: 	: 	44593 	46976 	48451 	50528 	50887 	54507 	59048 	61599 	65226 	64311 	63859 	64479 	65306 	65877 	65971 	65844 	66334 	67159 	72320 	76875.0 	78549.0 	81222.0 	83137.0 	84484.0 	84082.0 	78115 	78115 	76246 	: 	: 	: 	: 	: 	76177 	: 	: 
A,NR,T,TOTAL,AL	1583800 	1633800 	1685800 	1736838 	1788404 	1839866 	1889715 	1939430 	1991765 	2052778 	2110612 	2160345 	2215361 	2270891 	2322613 	2377635 	2432027 	2485025 	2542066 	2590466 	2645198 	2698795 	2753316 	2815239 	2872681 	2936177 	2993347 	3051923 	3115286 	3169386 	3286500 	3259814 	3190103 	3167478 	3220310 	3248836 	3283000 	3324317 	3354341 	3373445 	3058497 	3063318 	3057018 	3044993 	3034231 	3019634.0 	3003329.0 	2981755.0 	2958266.0 	2936355.0 	2918674.0 	2907361 	2903008 	2897770 	2892394 	2885796 	2875592 	2876591 	2870324 	2862427 	2845955 	2829741 
A,NR,T,TOTAL,AM	: 	: 	: 	: 	: 	: 	: 	: 	: 	: 	: 	: 	: 	: 	: 	: 	: 	: 	: 	: 	: 	: 	: 	: 	: 	: 	: 	: 	: 	: 	: 	: 	: 	: 	: 	: 	: 	: 	: 	: 	3226900 	3215300 	3212900 	3210300 	3212200 	3215800.0 	3219234.0 	3222953.0 	3230086.0 	3237976.0 	3249482.0 	3262650 	3274285 	: 	: 	3010598 	2998577 	2986151 	2972732 	2965269 	2959694 	2963251 
A,NR,T,TOTAL,AT	7030385 	7064693 	7107904 	7151824 	7199798 	7247804 	7293973 	7350159 	7403837 	7426968 	7455142 	7479030 	7521933 	7566469 	7605760 	7592316 	7565489 	7565561 	7571299 	7553310 	7545539 	7553326 	7584094 	7564185 	7559635 	7563233 	7566736 	7572852 	7576319 	7594315 	7644818 	7710882 	7798899 	7882519 	7928746 	7943489 	7953067 	7964966 	7971116 	7982461 	8002186 	8020946 	8063640 	8100273 	8142573 	8201359.0 	8254298.0 	8282984.0 	8307989.0 	8335003.0 	8351643.0 	8375164 	8408121 	8451860 	8507786 	8584926 	8700471 	8772865 	8822267 	8858775 	8901064 	8932664 
A,NR,T,TOTAL,AZ	: 	: 	: 	: 	: 	: 	: 	: 	: 	: 	: 	: 	: 	: 	: 	: 	: 	: 	: 	: 	: 	: 	: 	: 	: 	: 	: 	: 	: 	: 	: 	: 	: 	: 	: 	: 	: 	: 	: 	: 	8016200 	8081000 	8141400 	8202500 	8265700 	8347300.0 	8436400.0 	8532700.0 	8629900.0 	8896900.0 	8997586.0 	9111078 	9235085 	9356483 	9477119 	9593038 	9705643 	9809981 	9898085 	9981457 	10067108 	10119133 
A,NR,T,TOTAL,BA	3212349 	3265629 	3329909 	3406130 	3480448 	3553053 	3627922 	3700916 	3767185 	3734546 	3685694 	3731216 	3789131 	3845048 	3898064 	3950628 	4004830 	4059247 	4110203 	4157746 	4136941 	4114030 	4158361 	4203208 	4248746 	4293863 	4337350 	4379545 	4421373 	4461498 	4499203 	4517921 	: 	: 	: 	: 	: 	3727439 	3549736 	: 	3753085 e	3789717 e	3813167 e	3830349 e	3837414 e	3842532.0 e	3842650.0 	3844017.0 	3843846.0 	3843998.0 	3844046.0 	3843183 	3839265 	: 	: 	: 	: 	: 	: 	: 	: 	: 
A,NR,T,TOTAL,BE	9128824 	9178154 	9189741 	9251414 	9328126 	9428100 	9499234 	9556380 	9605601 	9631910 	9660154 	9650944 	9695379 	9726850 	9756590 	9788248 	9813152 	9823302 	9837413 	9841654 	9855110 	9863374 	9854589 	9858017 	9853023 	9857721 	9858895 	9864751 	9875716 	9927612 	9947782 	9986975 	10021997 	10068319 	10100631 	10130574 	10143047 	10170226 	10192264 	10213752 	10239085 	10263414 	10309725 	10355844 	10396421 	10445852.0 	10511382.0 	10584534.0 	10666866.0 	10753080.0 	10839905.0 	11000638 b	11075889 b	11137974 	11180840 	11237274 	11311117 	11351727 	11398589 	11455519 	11522440 	11566041 p
A,NR,T,TOTAL,BG	7829246 	7905502 	7980734 	8045158 	8111132 	8177547 	8230788 	8285325 	8335126 	8404080 	8464264 	8514883 	8557906 	8594493 	8647440 	8710049 	8731434 	8785763 	8822602 	8805462 	8846417 	8876652 	8905581 	8929332 	8950144 	8971214 	8949880 	8966462 	8976255 	8986636 	8767308 	8669269 	8595465 	8484863 	8459763 	8427418 	8384715 	8340936 	8283200 	8230371 	8190876 	8149468 	7868815 	7805506 	7745147 	7688573.0 	7629371.0 	7572673.0 	7518002.0 	7467119.0 	7421766.0 	7369431 	7327224 	7284552 	7245677 	7202198 	7153784 	7101859 	7050034 	7000039 	6951482 	6916548 
A,NR,T,TOTAL,BY	: 	: 	: 	: 	: 	: 	: 	: 	: 	: 	: 	: 	: 	: 	: 	: 	: 	: 	: 	: 	: 	: 	: 	: 	: 	: 	: 	: 	: 	: 	: 	: 	: 	: 	: 	: 	: 	: 	: 	: 	10019480 	9990435 	9950941 	9898590 	9849062 	9800073.0 	9750540.0 	9714461.0 	9689770.0 	9671912.0 	9480178.0 	9481193 	9465150 	9463840 	9468154 	9480868 	9498364 	9504704 	9491823 	9475174 	: 	: 
A,NR,T,TOTAL,CH	5295500 	5360153 	5508435 	5639195 	5749299 	5829156 	5883788 	5952216 	6031353 	6104074 	6168700 	6193054 	6233744 	6288168 	6326525 	6356285 	6320978 	6284029 	6278319 	6285156 	6303573 	6335243 	6372904 	6409713 	6427833 	6455896 	6484834 	6523413 	6566799 	6619973 	6673850 	6757188 	6842768 	6907959 	6968570 	7019019 	7062354 	7081346 	7096465 	7123537 	7164444 	7204055 	7255653 	7313853 	7364148 	7415102.0 	7459128.0 	7508739.0 	7593494.0 	7701856.0 	7785806.0 	7870134 b	7954662 	8039060 	8139631 	8237666 	8327126 	8419550 	8484130 	8544527 	8606033 	8667088 p
A,NR,T,TOTAL,CY	572000 	573566 	575900 	578900 	585500 	588400 	593200 	597100 	601800 	606800 	612000 	616900 	623100 	631778 	637800 	505700 b	497879 	497600 	498000 	501300 	505800 	512300 	522845 	524623 	531518 	538397 	544605 	550888 	556584 	562693 	572655 	587141 	603069 	619231 	632944 	645399 	656333 	666313 	675215 	682862 	690497 	697549 	705539 	713720 	722893 	733067.0 	744013.0 	757916.0 	776333.0 	796930.0 	819140.0 	839751 	862011 	865878 	858000 	847008 	848319 	854802 	864236 	875899 	888005 	896005 p
A,NR,T,TOTAL,CZ	9637840 	9566172 	9607129 	9642191 	9699179 	9756429 	9802287 	9839792 	9866006 	9886686 	9906474 	9809667 	9843962 	9891302 	9953230 	10023688 	10093551 	10158327 	10215183 	10269012 	10315669 	10292717 	10308465 	10321186 	10326526 	10333900 	10340335 	10344119 	10350517 	10360034 	10362102 	10304607 	10312548 	10325697 	10334013 	10333161 	10321344 	10309137 	10299125 	10289621 	10278098 	10232027 	10201182 	10192649 	10195347 	10198855.0 	10223577.0 	10254233.0 	10343422.0 	10425783.0 	10462088.0 	10486731 	10505445 	10516125 	10512419 	10538275 	10553843 	10578820 	10610055 	10649800 	10693939 	10701777 
A,NR,T,TOTAL,DE	55257088 	55958321 	56589148 	57247246 	57864509 	58587451 	59296591 	59792934 	59948474 	60463033 	61194591 	61001164 	61502503 	61809358 	62101379 	61991475 	61644624 	61441996 	61352745 	61321663 	61439338 	61657952 	61712689 	61546101 	61306669 	61049256 	61020474 	61140461 	61238079 	61715103 	62679035 	79753227 	80274564 	80974632 	81338093 	81538603 	81817499 	82012162 	82057379 	82037011 	82163475 	82259540 	82440309 	82536680 	82531671 	82500849.0 	82437995.0 	82314906.0 	82217837.0 	82002356.0 	81802257.0 	80222065 b	80327900 	80523746 	80767463 	81197537 	82175684 	82521653 	82792351 	83019213 	83166711 	83155031 
A,NR,T,TOTAL,DE_TOT	72542990 	73086809 	73668454 	74383113 	75045592 	75591082 	76336308 	76864314 	77038358 	77550269 	78269095 	78069482 	78556202 	78820701 	79052630 	78882235 	78464873 	78209026 	78110602 	78073038 	78179662 	78397490 	78418324 	78248407 	78008156 	77709213 	77660533 	77780338 	77899502 	78389735 	79112831 	79753227 	80274564 	80974632 	81338093 	81538603 	81817499 	82012162 	82057379 	82037011 	82163475 	82259540 	82440309 	82536680 	82531671 	82500849.0 	82437995.0 	82314906.0 	82217837.0 	82002356.0 	81802257.0 	80222065 b	80327900 	80523746 	80767463 	81197537 	82175684 	82521653 	82792351 	83019213 	83166711 	83155031 
A,NR,T,TOTAL,DK	4565455 	4593750 	4629624 	4665829 	4703136 	4741008 	4777015 	4817746 	4852962 	4876803 	4906916 	4950598 	4975653 	5007538 	5036184 	5054410 	5065313 	5079879 	5096959 	5111537 	5122065 	5123989 	5119155 	5116464 	5112130 	5111108 	5116273 	5124794 	5129254 	5129778 	5135409 	5146469 	5162126 	5180614 	5196642 	5215718 	5251027 	5275121 	5294860 	5313577 	5330020 	5349212 	5368354 	5383507 	5397640 	5411405.0 	5427459.0 	5447084.0 	5475791.0 	5511451.0 	5534738.0 	5560628 	5580516 	5602628 	5627235 	5659715 	5707251 	5748769 	5781190 	5806081 	5822763 	5840045 
A,NR,T,TOTAL,EA18	260384692 	: 	: 	: 	: 	272477051 	: 	: 	: 	: 	282389942 	283638201 	: 	: 	: 	290585714 	291897664 	293005775 	294187553 	295380797 	296621806 	298004498 	298975711 	299669586 	300100298 	300520869 	301080275 	301854752 	302592602 	303758312 	305147996 	306560327 b	307904205 	309418015 	310450264 	311236281 	312064064 	312860307 	315193283 b	315837523 	316863173 	317960133 	319364999 	321142451 	322915089 	324786228.0 	326395103.0 	327954596.0 	329884170.0 b	331286399.0 	332124448.0 	331520001 b	332285283 b	333073061 	334820880 b	335640859 b	336899429 	337693238 b	338444103 p	338729883 bep	339615386 p	339580922 ep
A,NR,T,TOTAL,EA19	263140292 	: 	: 	: 	: 	275430651 	: 	: 	: 	: 	285508883 	286798638 	: 	: 	: 	293874224 	295212458 	296348308 	297555091 	298772287 	300026000 	301426708 	302419395 	303140259 	303600009 	304049567 	304640663 	305452191 	306227897 	307433114 	308841704 	310262295 b	311610504 	313111944 	314121560 	314879272 	315679276 	316448320 	318755544 b	319373924 	320375247 	321447131 	322819636 	324573948 	326314018 	328141448.0 	329684938.0 	331204579.0 	333096775.0 b	334470255.0 	335266424.0 	334572589 b	335288924 b	336044966 	337764352 b	338562121 b	339787987 	340541142 b	341253004 p	341524067 bep	342409476 p	342376602 ep
A,NR,T,TOTAL,EE	1206362 	1216712 	1233441 	1249804 	1267910 	1286262 	1302870 	1314323 	1323569 	1338858 	1351640 	1368511 	1385399 	1399637 	1412265 	1424073 	1434630 	1444522 	1455900 	1464476 	1472190 	1482247 	1493085 	1503743 	1513747 	1523486 	1534076 	1546304 	1558137 	1565662 	1570599 	1567749 	1554878 	1511303 	1476952 	1448075 	1425192 	1405996 	1393074 	1379237 	1401250 	1392720 	1383510 	1375190 	1366250 	1358850.0 	1350700.0 	1342920.0 	1338440.0 	1335740.0 	1333290.0 	1329660 	1325217 	1320174 	1315819 	1314870 b	1315944 	1315635 	1319133 	1324820 	1328976 	1330068 
A,NR,T,TOTAL,EEA30_2007	406362168 	: 	: 	: 	: 	424373323 	: 	: 	: 	: 	439557803 	441422518 	: 	: 	: 	451803585 	453994905 	455902582 	457814838 	459595740 	461485332 	463458024 	464962566 	466148393 	467098623 	468111291 	469211748 	470548009 	471804259 	473450476 	474930508 	476594784 b	477892012 	479597438 	480868037 	481891130 	482824056 	483673506 	486062046 b	486803550 	487551317 b	488764781 	489501378 	491260780 	493152394 	495222001.0 	497099125.0 	499011219.0 	501073052.0 b	502934648.0 	504079494.0 b	503949886 b	505113900 b	506310838 	508459052 b	509827848 b	511572077 	512858835 b	514058823 p	514740891 bep	516057754 ep	: 
A,NR,T,TOTAL,EEA31	410489590 	: 	: 	: 	: 	428639503 	: 	: 	: 	: 	443961155 	445843669 	: 	: 	: 	456304312 	458518341 	460451014 	462385547 	464187200 	466083427 	468059493 	469584114 	470795314 	471768210 	472802274 	473923600 	475279050 	476552709 	478212441 	479703064 	481376963 be	482487877 e	484153209 e	485513192 e	486550023 e	487405223 e	488206534 e	490598858 be	491331010 e	492049052 be	493060187 b	493806872 	495566164 	497458119 	499532862.0 	501411612.0 	503324749.0 	505385019.0 b	507244444.0 	508382341.0 b	508239743 b	509389884 b	510572978 	512705861 b	514053164 b	515762746 	517013048 b	518164316 p	518817137 bep	520115919 ep	: 
A,NR,T,TOTAL,EFTA	9053336 	9148844 	9331154 	9493953 	9635106 	9747502 	9834737 	9937651 	10052847 	10160198 	10256893 	10307543 	10380728 	10469728 	10536393 	10594250 	10581288 	10564446 	10576794 	10601152 	10635230 	10682125 	10738279 	10794141 	10827114 	10869027 	10913300 	10970490 	11040363 	11120759 	11189203 	11291916 	11405515 	11499380 	11588759 	11665036 	11731192 	11775077 	11817765 	11876593 	11954416 	12023715 	12099819 	12188439 	12266469 	12349642.0 	12434143.0 	12532713.0 	12681480.0 	12856065.0 	12997529.0 	13145040 b	13296582 	13449030 	13610401 	13770625 	13907998 	14054026 	14166313 	14268108 	14376494 	14466304 p
A,NR,T,TOTAL,EL	8300399 	8363050 	8433050 	8463416 	8495834 	8525024 	8575642 	8651660 	8716516 	8765014 	8780514 	8805098 	8856974 	8920282 	8937890 	8986153 	9106928 	9269372 	9347586 	9512332 	9584184 	9700826 	9757874 	9821152 	9872102 	9919500 	9949100 	9985326 	10015863 	10058103 	10120892 	10272691 	10367163 	10430958 	10489871 	10535973 	10588332 	10629267 	10693250 	10747768 	10775627 	10835989 	10888274 	10915770 	10940369 	10969912.0 	11004716.0 	11036008.0 	11060937.0 	11094745.0 	11119289.0 	11123392 	11086406 	11003615 	10926807 	10858018 	10783748 	10768193 	10741165 	10724599 	10718565 	10682547 e
A,NR,T,TOTAL,ES	30327000 	30583000 	30895500 	31151231 	31442070 	31776320 	32132264 	32434123 	32931771 	33294497 	33587610 	34040642 	34408338 	34800600 	35177294 	35569375 	35946425 	36329199 	36694077 	37035719 	37346940 	37635389 	37881873 	38090151 	38252899 	38407829 	38531195 	38638052 	38731578 	38802300 	38853227 	38881416 	39051336 	39264034 	39458489 	39639726 	39808374 	39971329 	40143449 	40303568 	40470182 	40665545 	41035278 	41827838 	42547451 	43296338.0 	44009971.0 	44784666.0 	45668939.0 	46239273.0 	46486619.0 	46667174 	46818219 	46727890 	46512199 	46449565 	46440099 	46528024 	46658447 	46937060 	47332614 	47394223 p
A,NR,T,TOTAL,EU27_2007	402604332 	: 	: 	: 	: 	420454977 	: 	: 	: 	: 	435469610 	437308029 	: 	: 	: 	447565620 	449734595 	451622165 	453516363 	455279744 	457153675 	459111142 	460597191 	461763965 	462699342 	463698160 	464783282 	466100932 	467330695 	468949690 	470415155 	472060056 b	473329265 	475006017 	476247848 	477245113 	478155218 	478979775 	481340746 b	482050494 	482761345 b	483945121 	484657212 	486386194 	488250073 	490287461.0 	492124110.0 	493987245.0 	495985066.0 b	497780439.0 	498867771.0 b	498674980 b	499771980 b	500900868 	502988282 b	504294889 b	505991205 	507224359 b	508376640 p	509017310 bep	510287293 ep	: 
A,NR,T,TOTAL,EU27_2020	354531754 	: 	: 	: 	: 	370521157 	: 	: 	: 	: 	384326562 	385949080 	: 	: 	: 	395835667 	398037111 	399967581 	401903104 	403662165 	405466907 	407369042 	408894651 	410107692 	411006427 	411907502 	412876239 	414088076 	415218942 	416715205 	418030739 	419504036 be	420413536 e	421912578 e	423104986 e	423960534 e	424641798 e	425273491 e	427482962 be	427998269 e	428473834 be	429240746 b	429723142 	431190184 	432762039 	434416272.0 	435816236.0 	437227496.0 	438725386.0 b	440047892.0 	440660421.0 b	439942305 b	440552661 b	441257711 	442883888 b	443666812 b	444802830 	445534430 b	446208557 p	446446444 bep	447319916 ep	447007596 ep
A,NR,T,TOTAL,EU28	406731754 	: 	: 	: 	: 	424721157 	: 	: 	: 	: 	439872962 	441729180 	: 	: 	: 	452066347 	454258031 	456170597 	458087072 	459871204 	461751770 	463712611 	465218739 	466410886 	467368929 	468389143 	469495134 	470831973 	472079145 	473711655 	475187711 	476842235 be	477925130 e	479561788 e	480893003 e	481904006 e	482736385 e	483512803 e	485877558 be	486577954 e	487259080 be	488240527 b	488962706 	490691578 	492555798 	494598322.0 	496436597.0 	498300775.0 	500297033.0 b	502090235.0 	503170618.0 b	502964837 b	504047964 b	505163008 	507235091 b	508520205 b	510181874 	511378572 b	512482133 p	513093556 bep	: 	: 
A,NR,T,TOTAL,FI	4413046 	4446222 	4475787 	4507098 	4539519 	4557567 	4569896 	4591842 	4619645 	4633292 	4614277 	4598336 	4625912 	4653401 	4678761 	4702387 	4720492 	4730836 	4746967 	4758088 	4771292 	4787778 	4812150 	4841715 	4869858 	4893748 	4910664 	4925644 	4938602 	4954359 	4974383 	4998478 	5029002 	5054982 	5077912 	5098754 	5116826 	5132320 	5147349 	5159646 	5171302 	5181115 	5194901 	5206295 	5219732 	5236611.0 	5255580.0 	5276955.0 	5300484.0 	5326314.0 	5351427.0 	5375276 	5401267 	5426674 	5451270 	5471753 	5487308 	5503297 	5513130 	5517919 	5525292 	5533793 
A,NR,T,TOTAL,FR	: 	: 	: 	: 	: 	: 	: 	: 	: 	: 	: 	: 	: 	: 	: 	: 	: 	: 	: 	: 	: 	: 	: 	: 	: 	: 	: 	: 	: 	: 	: 	58313439 	58604851 	58885929 	59104320 	59315139 	59522297 	59726386 	59934884 	60158533 	60545022 	60979315 	61424036 	61864088 	62292241 	62772870.0 	63229635.0 	63645065.0 	64007193.0 	64350226.0 	64658856.0 	64978721 	65276983 b	65600350 	66165980 b	66458153 	66638391 	66809816 	67026224 p	67177636 p	67320216 p	67439599 p
A,NR,T,TOTAL,FX	45464797 	45903656 	46422000 	47573406 	48059029 	48561800 	48953792 	49373537 	49723072 	50107735 	50528219 	51016234 	51485953 	51915873 	52320725 	52600000 	52798338 	53019005 	53271566 	53481073 	53731387 	54028630 	54335000 	54649984 	54894854 	55157303 	55411238 	55681780 	55966142 	56269810 	56577000 	56840661 	57110533 	57369161 	57565008 	57752535 	57935959 	58116018 	58298962 	58496613 	58858198 	59266572 	59685899 	60101841 	60505421 	60963264.0 	61399733.0 	61795238.0 	62134866.0 	62465709.0 	62765235.0 	63070344 	63375971 	63697865 	: 	: 	: 	: 	: 	: 	: 	: 
A,NR,T,TOTAL,GE	: 	: 	: 	: 	: 	: 	: 	: 	: 	: 	: 	: 	: 	: 	: 	: 	: 	: 	: 	: 	: 	: 	: 	: 	: 	: 	: 	: 	: 	: 	: 	: 	: 	: 	: 	: 	: 	: 	: 	: 	4435200 e	4401400 e	4371500 e	4352600 e	4315200 e	4321500.0 e	4401292.0 	4394702.0 	4382070.0 	4385429.0 	4436391.0 	4469250 	4497617 	: 	4490498 	3729500 	3720400 	3718200 	3729633 	3723464 	3716858 	: 
A,NR,T,TOTAL,HR	4127422 	4152939 	4181645 	4211778 	4239572 	4266180 	4295665 	4325736 	4351629 	4379627 	4403352 	4421151 	4441399 	4459729 	4480592 	4500727 	4523436 	4548432 	4570709 	4591460 	4598095 	4601469 e	4621548 e	4646921 e	4669587 e	4690983 e	4711852 e	4731041 e	4748450 e	4761965 e	4772556 e	4782179 e	4595865 e	4555771 e	4645155 e	4658893 e	4581167 e	4533028 e	4536812 e	4527460 e	4497735 e	4295406 b	4305494 	4305384 	4305725 	4310861.0 	4312487.0 	4313530.0 	4311967.0 	4309796.0 	4302847.0 	4289857 	4275984 	4262140 	4246809 	4225316 	4190669 	4154213 	4105493 	4076246 	4058165 	4036355 
A,NR,T,TOTAL,HU	9961044 	10005980 	10049935 	10071715 	10104179 	10135490 	10160380 	10196926 	10236282 	10275347 	10322099 	10353721 	10381352 	10415626 	10448484 	10508956 	10572094 	10625259 	10670802 	10698841 	10709463 	10712781 	10710914 	10700155 	10678770 	10657420 	10640006 	10621121 	10604360 	10588614 	10374823 	10373153 	10373647 	10365035 	10350010 	10336700 	10321229 	10301247 	10279724 	10253416 	10221644 	10200298 	10174853 	10142362 	10116742 	10097549.0 	10076581.0 	10066158.0 	10045401.0 	10030975.0 	10014324.0 	9985722 	9931925 b	9908798 	9877365 	9855571 	9830485 	9797561 	9778371 	9772756 	9769526 	9730772 
A,NR,T,TOTAL,IE	2835500 	2821700 	2827100 	2845000 	2860300 	2872800 	2881800 	2895800 	2909100 	2922000 	2943300 	2971200 	3012900 	3060800 	3111100 	3163900 	3215200 	3260900 	3303500 	3354700 	3392800 	3432800 	3473200 	3498400 	3522800 	3542046 	3534117 	3545263 	3534850 	3515048 	3506970 	3520977 	3547492 	3569367 	3583154 	3597617 	3620065 	3654955 	3693386 	3732006 	3777565 	3832783 	3899702 	3964191 	4028851 	4111672.0 	4208156.0 	4340118.0 	4457765.0 	4521322.0 	4549428.0 	4570881 	4589287 	4609779 	4637852 	4677627 	4726286 	4784383 	4830392 	4904240 e	4964440 	5006907 
A,NR,T,TOTAL,IS	173855 	177292 	180765 	183991 	187314 	190652 	193919 	197221 	200281 	202695 	204042 	204834 	207361 	210912 	213722 	216695 	219262 	221046 	222552 	224522 	226948 	229327 	232182 	235537 	238416 	240606 	242203 	244157 	247561 	251919 	253785 	255866 	259727 	262386 	265064 	266978 	267958 	269874 	272381 	275712 	279049 	283361 	286575 	288471 	290570 	293577.0 	299891.0 	307672.0 	315459.0 	319368.0 	317630.0 	318452 	319575 	321857 	325671 	329100 	332529 	338349 	348450 	356991 	364134 	368792 
A,NR,T,TOTAL,IT	50025500 	50373900 	50698800 	51060100 	51443900 	51906800 	52317900 	52720100 	53080900 	53390600 	53685300 	53958400 	54188579 	54574111 	54928700 	55293036 	55588966 	55847553 	56063269 	56247017 	56388480 	56479285 	56524064 	56563031 	56565117 	56588319 	56597823 	56594487 	56609375 	56649201 	56694360 	56744119 	56772923 	56821250 	56842392 	56844408 	56844197 	56876364 	56904379 	56909109 	56923524 	56960692 	56987507 	57130506 	57495900 	57874753.0 	58064214.0 	58223744.0 	58652875.0 	59000586.0 	59190143.0 	59364690 	59394207 	59685227 	60782668 	60795612 	60665551 	60589445 	60483973 	59816673 b	59641488 	59257566 p
A,NR,T,TOTAL,LI	16274 	16628 	17125 	17761 	18425 	19085 	19304 	19916 	20433 	21237 	20930 	21350 	21850 	22414 	23156 	23745 	23947 	24169 	24715 	25340 	25809 	25215 	26130 	26380 	26512 	26680 	27076 	27399 	27714 	28181 	28452 	29032 	29386 	29868 	30310 	30629 	30923 	31143 	31320 	32015 	32426 	32863 	33525 	33863 	34294 	34600.0 	34905.0 	35168.0 	35356.0 	35589.0 	35894.0 	36149 	36475 	36838 	37129 	37366 	37622 	37810 	38114 	38378 	38747 	39055 p
A,NR,T,TOTAL,LT	2755600 	2801500 	2845600 	2881100 	2916800 	2953600 	2989300 	3026800 	3062000 	3095700 	3118941 	3160437 	3197645 	3229598 	3259277 	3288510 	3314794 	3342533 	3367538 	3391490 	3404194 	3422210 	3443684 	3470673 	3499711 	3528698 	3560388 	3597439 	3635295 	3674802 	3693708 	3701968 	3706299 	3693929 	3671296 	3642991 	3615212 	3588013 	3562261 	3536401 	3512074 	3486998 	3454637 	3431497 	3398929 	3355220.0 	3289835.0 	3249983.0 	3212605.0 	3183856.0 	3141976.0 	3052588 	3003641 	2971905 	2943472 	2921262 	2888558 	2847904 	2808901 	2794184 	2794090 	2795680 
A,NR,T,TOTAL,LU	313050 	314889 	318800 	322700 	325500 	330000 	333000 	334790 	335200 	336500 	338507 	339841 	345000 	348200 	352700 	357400 	360500 	360962 	361753 	362261 	363450 	364850 	365600 	365450 	365794 	366202 	367210 	369500 	372000 	374900 	379300 	384400 	389600 	394750 	400200 	405650 	411600 	416850 	422050 	427350 	433600 	439000 	444050 	448300 	454960 	461230.0 	469086.0 	476187.0 	483799.0 	493500.0 	502066.0 	511840 	524853 b	537039 	549680 	562958 	576249 	590667 b	602005 	613894 	626108 	634730 
A,NR,T,TOTAL,LV	2104128 	2137830 	2167531 	2195640 	2226198 	2255048 	2276789 	2289645 	2312795 	2334443 	2351903 	2366424 	2386353 	2404995 	2426642 	2447730 	2464529 	2477449 	2492697 	2503145 	2508761 	2514640 	2524202 	2537958 	2554063 	2570030 	2587716 	2612068 	2641097 	2665770 	2668140 	2658161 	2643000 	2585675 	2540904 	2500580 	2469531 	2444912 	2420789 	2399248 	2381715 	2353384 	2320956 	2299390 	2276520 	2249724.0 	2227874.0 	2208840.0 	2191810.0 	2162834.0 	2120504.0 	2074605 	2044813 	2023825 	2001468 	1986096 	1968957 	1950116 	1934379 	1919968 	1907675 	1893223 
A,NR,T,TOTAL,MC	: 	: 	: 	: 	: 	: 	: 	: 	: 	: 	: 	: 	: 	: 	: 	: 	: 	: 	: 	: 	: 	: 	: 	: 	: 	: 	: 	: 	: 	: 	: 	: 	: 	: 	: 	: 	: 	: 	: 	: 	: 	: 	: 	: 	32828 	33085.0 	: 	: 	: 	: 	: 	: 	: 	: 	: 	: 	: 	: 	: 	: 	: 	: 
A,NR,T,TOTAL,MD	: 	: 	: 	: 	: 	: 	: 	: 	: 	: 	: 	: 	: 	: 	: 	: 	: 	: 	: 	: 	: 	: 	: 	: 	: 	: 	: 	: 	: 	: 	: 	: 	: 	: 	: 	: 	: 	: 	: 	: 	3644070 	3635112 	3627812 	3618312 	3607435 	3600436.0 	3589936.0 	3581110.0 	3572703.0 	3567512.0 	3563695.0 	3560430 	3559541 	3559497 	3557634 	3555159 	: 	3550852 	: 	: 	: 	: 
A,NR,T,TOTAL,ME	: 	: 	: 	: 	: 	: 	: 	: 	: 	: 	: 	: 	: 	: 	: 	: 	: 	: 	: 	: 	: 	: 	: 	: 	: 	: 	: 	: 	: 	: 	: 	: 	: 	: 	: 	: 	: 	: 	: 	: 	603152 	605988 	608460 	610510 	612214 	613420.0 	613109.0 	614624.0 	615543.0 	617157.0 	619001.0 	619850 	620308 	620893 	621521 	622099 	622218 	622387 	622359 	622182 	621873 	620739 
A,NR,T,TOTAL,MK	1384451 	1399403 	1417200 	1438342 	1461522 	1486469 	1512988 	1538694 	1562211 	1589217 	1616769 	1641353 	1666798 	1692113 	1717090 	1742780 	1769890 	1797145 	1823151 	1849388 	1878067 	1904570 	1928856 	1954972 	1980139 	2004709 	2029175 	2052953 	2077056 	2100246 	1873109 	1890872 	1908941 	2061000 	1936741 	1957265 	1971687 	1991398 	2002340 	2012705 	2021578 	2031112 	2038651 	2023654 	2029892 	2035196.0 	2038514.0 	2041941.0 	2045177.0 	2048619.0 	2052722.0 	2057284 	2059794 	2062294 	2065769 	2069172 	2071278 	2073702 	2075301 	2077132 	2076255 	2068808 
A,NR,T,TOTAL,MT	327200 	: 	: 	: 	: 	320600 	: 	: 	: 	: 	302500 	302800 	: 	: 	: 	301892 	306551 	304997 	308942 	311421 	315262 	318028 	319936 	331859 	329189 	331997 	340907 	343334 	345636 	349014 	352430 	361908 b	365781 	369455 	373161 	376433 	378404 	381405 	384176 	386397 	388759 	391415 	394641 	397296 	399867 	402668.0 	404999.0 	405616.0 	407832.0 	410926.0 	414027.0 	414989 	417546 	422509 	429424 	439691 	450415 	460297 	475701 	493559 	514564 	516100 
A,NR,T,TOTAL,NL	11417254 	11556008 	11721416 	11889962 	12041970 	12212269 	12377194 	12535307 	12661095 	12798346 	12957621 	13119430 	13269563 	13387623 	13491020 	13599092 	13733578 	13814495 	13897874 	13985526 	14091014 	14208586 	14285829 	14339551 	14394589 	14453833 	14529430 	14615125 	14714948 	14805240 	14892574 	15010445 	15129150 	15239182 	15341553 	15424122 	15493889 	15567107 	15654192 	15760225 	15863950 	15987075 	16105285 	16192572 	16258032 	16305526.0 	16334210.0 	16357992.0 	16405399.0 	16485787.0 	16574989.0 	16655799 	16730348 	16779575 	16829289 	16900726 	16979120 	17081507 	17181084 	17282163 	17407585 	17475415 
A,NR,T,TOTAL,NO	3567707 	3594771 	3624829 	3653006 	3680068 	3708609 	3737726 	3768298 	3800780 	3832192 	3863221 	3888305 	3917773 	3948234 	3972990 	3997525 	4017101 	4035202 	4051208 	4066134 	4078900 	4092340 	4107063 	4122511 	4134353 	4145845 	4159187 	4175521 	4198289 	4220686 	4233116 	4249830 	4273634 	4299167 	4324815 	4348410 	4369957 	4392714 	4417599 	4445329 	4478497 	4503436 	4524066 	4552252 	4577457 	4606363.0 	4640219.0 	4681134.0 	4737171.0 	4799252.0 	4858199.0 	4920305 	4985870 	5051275 	5107970 	5166493 	5210721 	5258317 	5295619 	5328212 	5367580 	5391369 
A,NR,T,TOTAL,PL	29479900 	29795000 	30133000 	30484000 	30940000 	31338900 	31551000 	31811000 	32163310 	32426000 	32670600 	32658000 	32909000 	33202300 	33512100 	33845698 	34184700 	34527900 	34850200 	35081000 	35413434 	35734865 	36062309 	36398652 	36744964 	37063303 	37340467 	37571771 	37764318 	37884655 	38038403 	38183160 	38309226 	38418108 	38504707 	38580597 	38609399 	38639341 	38659979 	38666983 	38263303 b	38253955 	38242197 	38218531 	38190608 	38173835.0 	38157055.0 	38125479.0 	38115641.0 	38135876.0 	38022869.0 b	38062718 	38063792 	38062535 	38017856 	38005614 	37967209 	37972964 	37976687 	37972812 	37958138 	37840001 
A,NR,T,TOTAL,PT	8826040 	8889392 	8969240 	9018730 	9041980 	9028750 	8968440 	8893540 	8855500 	8817800 	8697610 	8663252 	8624260 	8636600 	8629600 	8879130 	9307810 	9403810 	9507540 	9608960 	9713570 	9819054 	9883670 	9939871 	9975859 	10016605 	10030621 	10034846 	10025215 	10014005 	9995995 	9970441 	9950029 	9954958 	9974391 	10008659 	10043693 	10084196 	10133758 	10186634 	10249022 	10330774 	10394669 	10444592 	10473050 	10494672.0 	10511988.0 	10532588.0 	10553339.0 	10563014.0 	10573479.0 	10572721 	10542398 	10487289 	10427301 	10374822 	10341330 	10309573 	10291027 	10276617 	10295909 	10298252 
A,NR,T,TOTAL,RO	18319210 	18494600 	18615900 	18737200 	18858500 	18979752 	19083400 	19347500 	19720984 	19878678 	20139603 	20361192 	20561942 	20753972 	20917390 	21141468 	21445698 	21657569 	21854622 	22048305 	22132670 	22281894 	22424246 	22527235 	22593720 	22687374 	22778624 	22895058 	23003802 	23111521 	23211395 	23192274 	22810035 	22778533 	22748027 	22712394 	22656145 	22581862 	22526093 	22488595 	22455485 	22430457 	21833483 	21627509 	21521142 	21382354.0 	21257016.0 	21130503.0 	20635460.0 	20440290.0 	20294683.0 	20199059 	20095996 	20020074 	19947311 	19870647 	19760585 	19643949 	19533481 	19414458 	19328838 e	19186201 e
A,NR,T,TOTAL,RS	: 	: 	: 	: 	: 	: 	: 	: 	: 	: 	: 	: 	: 	: 	: 	: 	: 	: 	: 	: 	: 	: 	: 	: 	: 	: 	: 	: 	: 	: 	: 	: 	: 	: 	: 	: 	: 	: 	: 	7552850 	7527952 	7504739 	7502126 	7490918 	7470263 	7456050.0 	7425487.0 	7397651.0 	7365507.0 	7334937.0 	7306677.0 	7251549 b	7216649 	7181505 	7146759 	7114393 	7076372 	7040272 	7001444 	6963764 	6926705 	6871547 
A,NR,T,TOTAL,RU	: 	: 	: 	: 	: 	: 	: 	: 	: 	: 	: 	: 	: 	: 	: 	: 	: 	: 	: 	: 	: 	: 	: 	: 	: 	: 	: 	: 	: 	: 	: 	: 	: 	: 	: 	: 	: 	: 	: 	: 	146890128 	146303611 	145649334 	145166731 	144168205 	143474219.0 	142753551.0 	142220968.0 	142008838.0 	141903979.0 	141914509.0 	142856536 	143056383 	: 	143666931 	: 	: 	: 	: 	: 	: 	: 
A,NR,T,TOTAL,SE	7471345 	7497967 	7542028 	7581148 	7627507 	7695200 	7772506 	7843088 	7892774 	7931772 	8004371 	8081230 	8115438 	8129161 	8143463 	8176447 	8208427 	8236144 	8266936 	8284261 	8303094 	8317967 	8323038 	8327488 	8330577 	8342633 	8358139 	8381519 	8414089 	8458888 	8527039 	8590630 	8644120 	8692013 	8745109 	8816381 	8837496 	8844499 	8847625 	8854322 	8861426 	8882792 	8909128 	8940788 	8975670 	9011392.0 	9047752.0 	9113257.0 	9182927.0 	9256347.0 	9340682.0 	9415570 	9482855 	9555893 	9644864 	9747355 	9851017 	9995153 	10120242 	10230185 	10327589 	10379295 
A,NR,T,TOTAL,SI	1580535 	1588904 	1599357 	1607941 	1626000 	1638227 	1660092 	1679717 	1699339 	1709752 	1717995 	1731787 	1744882 	1759584 	1773809 	1778454 	1808707 	1831790 	1852963 	1872133 	1893064 	1909566 	1903495 	1917173 	1927469 	1936839 	1946442 	1985486 	1994066 	1996325 	1996377 	1999945 	1998912 	1994084 	1989408 	1989477 	1990266 	1986989 	1984923 	1978334 	1987755 	1990094 	1994026 	1995033 	1996433 	1997590.0 	2003358.0 	2010377.0 	2010269.0 b	2032362.0 	2046976.0 	2050189 	2055496 	2058821 	2061085 	2062874 	2064188 	2065895 	2066880 	2080908 	2095861 	2108977 
A,NR,T,TOTAL,SK	3969682 	4166507 	4216827 	4259549 	4304484 	4350198 	4391768 	4431564 	4467170 	4500659 	4536555 	4539890 	4575007 	4618236 	4664653 	4714593 	4763617 	4815396 	4865605 	4914644 	4963301 	4996329 	5035881 	5074316 	5109626 	5144568 	5178967 	5208708 	5236972 	5264220 	5287663 	5310711 	5295877 	5314155 	5336455 	5356207 	5367790 	5378932 	5387650 	5393382 	5398657 	5378783 	5378951 	5374873 	5371875 	5372685.0 	5372928.0 	5373180.0 	5376064.0 	5382401.0 	5390410.0 	5392446 	5404322 	5410836 	5415949 	5421349 	5426252 	5435343 	5443120 	5450421 	5457873 	5459781 
A,NR,T,TOTAL,SM	: 	: 	: 	: 	: 	: 	: 	: 	: 	: 	: 	: 	: 	: 	: 	: 	: 	: 	: 	: 	: 	: 	: 	: 	: 	: 	: 	: 	: 	: 	: 	: 	: 	: 	: 	: 	: 	: 	: 	: 	: 	: 	: 	: 	29241 	29673.0 	29999.0 	30368.0 	32054.0 	31269.0 	: 	31863 	33376 	33562 	: 	: 	: 	: 	34453 	: 	: 	: 
A,NR,T,TOTAL,TR	27119962 	27755078 	28435197 	29162545 	29939582 	30769013 	31499416 	32273630 	33093700 	33961875 	34880611 	35707058 	36582215 	37508880 	38490106 	39529218 	40281507 	41102443 	41996129 	42967253 	44021146 	45023450 	46085508 	47210448 	48401689 	49662958 	50695548 	51791212 	52953586 	54186642 	55494711 	56714051 	57835076 	58958565 	60079060 	61203584 	62337617 	63484661 	64641675 	65786563 	66889425 	64729501 b	65603160 	66401851 	67187251 	68010221.0 	68860539.0 	69729967.0 	70586256.0 	71517100.0 	72561312.0 	73722988 	74724269 	75627384 	76667864 	77695904 	78741053 	79814871 	80810525 	82003882 	83154997 	83614362 
A,NR,T,TOTAL,UA	: 	: 	: 	: 	: 	: 	: 	: 	: 	: 	: 	: 	: 	: 	: 	: 	: 	: 	: 	: 	: 	: 	: 	: 	: 	: 	: 	: 	: 	: 	: 	: 	: 	: 	: 	: 	: 	: 	: 	: 	49114950 	48663609 	48240902 	47823108 	47442079 	47100462.0 	46749170.0 	46465691.0 	46192309.0 	45963359.0 	45782592.0 	45598179 	45453282 	45372692 	45245894 	42759661 b	42590879 	42414905 	42216766 	41983564 	41732779 	41418717 e
A,NR,T,TOTAL,UK	52200000 	52600000 	53000000 	53500000 	53800000 	54200000 	54496100 	54800900 	55086300 	55337100 	55546400 	55780100 	56012345 	56159785 	56229268 	56230680 	56220920 	56203016 	56183968 	56209039 	56284863 	56343569 	56324088 	56303194 	56362502 	56481641 	56618895 	56743897 	56860203 	56996450 	57156972 	57338199 	57511594 	57649210 	57788017 	57943472 	58094587 	58239312 	58394596 	58579685 	58785246 	58999781 	59239564 	59501394 	59793759 	60182050.0 	60620361.0 	61073279.0 	61571647.0 	62042343.0 	62510197.0 	63022532 	63495088 	63905342 	64351203 	64853393 	65379044 	65844142 	66273576 	66647112 	67025542 p	: 
A,NR,T,TOTAL,XK	: 	: 	: 	: 	: 	: 	: 	: 	: 	: 	: 	: 	: 	: 	: 	: 	: 	: 	: 	: 	: 	: 	: 	: 	: 	: 	: 	: 	: 	: 	: 	: 	: 	: 	: 	: 	: 	: 	: 	: 	: 	: 	: 	1985000 	2016000 	2041000.0 	2100000.0 	2126708.0 	2153139.0 	2180686.0 	2208107.0 	1794180 b	: p	: 	: 	: 	1771604 p	1783531 	1798506 	1795666 	1782115 	: 
